{
  "name": "CashDrawerSession",
  "fields": [
    {
      "fieldName": "currentIndicator",
      "fieldType": "Boolean",
      "fieldValidateRules": ["required"]
    },
    {
      "fieldName": "cashierUsrCode",
      "fieldType": "String",
      "fieldValidateRules": ["required"]
    },
    {
      "fieldName": "cashOpen",
      "fieldType": "BigDecimal",
      "fieldValidateRules": ["required"]
    },
    {
      "fieldName": "cashCurrent",
      "fieldType": "BigDecimal",
      "fieldValidateRules": ["required"]
    },
    {
      "fieldName": "cashClose",
      "fieldType": "BigDecimal",
      "fieldValidateRules": ["required"]
    },
    {
      "fieldName": "checkOpen",
      "fieldType": "BigDecimal",
      "fieldValidateRules": ["required"]
    },
    {
      "fieldName": "checkCurrent",
      "fieldType": "BigDecimal",
      "fieldValidateRules": ["required"]
    },
    {
      "fieldName": "checkClose",
      "fieldType": "BigDecimal",
      "fieldValidateRules": ["required"]
    },
    {
      "fieldName": "posOpen",
      "fieldType": "BigDecimal",
      "fieldValidateRules": ["required"]
    },
    {
      "fieldName": "posCurrent",
      "fieldType": "BigDecimal",
      "fieldValidateRules": ["required"]
    },
    {
      "fieldName": "posClose",
      "fieldType": "BigDecimal",
      "fieldValidateRules": ["required"]
    },
    {
      "fieldName": "sessionStartTime",
      "fieldType": "Instant",
      "fieldValidateRules": ["required"]
    },
    {
      "fieldName": "sessionEndTime",
      "fieldType": "Instant",
      "fieldValidateRules": ["required"]
    },
    {
      "fieldName": "createdBy",
      "fieldType": "String"
    },
    {
      "fieldName": "creationDate",
      "fieldType": "Instant"
    },
    {
      "fieldName": "lastUpdatedBy",
      "fieldType": "String"
    },
    {
      "fieldName": "lastUpdateDate",
      "fieldType": "Instant"
    }
  ],
  "relationships": [
    {
      "relationshipType": "one-to-many",
      "otherEntityName": "cashDrawerPaymentTxn",
      "otherEntityRelationshipName": "cashDrawerSession",
      "relationshipName": "cashDrawerPaymentTxn"
    },
    {
      "relationshipType": "many-to-one",
      "otherEntityName": "cashDrawer",
      "otherEntityRelationshipName": "cashDrawerSession",
      "relationshipName": "cashDrawer",
      "otherEntityField": "id"
    }
  ],
  "changelogDate": "20200830023136",
  "entityTableName": "cash_drawer_session",
  "dto": "no",
  "pagination": "no",
  "service": "serviceClass",
  "jpaMetamodelFiltering": true,
  "fluentMethods": true,
  "readOnly": false,
  "embedded": false,
  "clientRootFolder": "",
  "applications": ["cdr"]
}
