{
  "name": "CashDrawerPaymentTxn",
  "fields": [
    {
      "fieldName": "txnDate",
      "fieldType": "Instant",
      "fieldValidateRules": ["required"]
    },
    {
      "fieldName": "customerFirstName",
      "fieldType": "String",
      "fieldValidateRules": ["required"]
    },
    {
      "fieldName": "customerLastName",
      "fieldType": "String",
      "fieldValidateRules": ["required"]
    },
    {
      "fieldName": "customerNbr",
      "fieldType": "String"
    },
    {
      "fieldName": "customerPhone",
      "fieldType": "Long",
      "fieldValidateRules": ["required"]
    },
    {
      "fieldName": "cstomerAccountNumber",
      "fieldType": "String",
      "fieldValidateRules": ["required"]
    },
    {
      "fieldName": "dueAmt",
      "fieldType": "BigDecimal",
      "fieldValidateRules": ["required"]
    },
    {
      "fieldName": "cashAmt",
      "fieldType": "BigDecimal",
      "fieldValidateRules": ["required"]
    },
    {
      "fieldName": "checkAmt",
      "fieldType": "BigDecimal",
      "fieldValidateRules": ["required"]
    },
    {
      "fieldName": "posAmt",
      "fieldType": "BigDecimal",
      "fieldValidateRules": ["required"]
    },
    {
      "fieldName": "changeAmt",
      "fieldType": "BigDecimal",
      "fieldValidateRules": ["required"]
    },
    {
      "fieldName": "checkNumber",
      "fieldType": "String"
    },
    {
      "fieldName": "posReference",
      "fieldType": "String"
    },
    {
      "fieldName": "createdBy",
      "fieldType": "String"
    },
    {
      "fieldName": "creationDate",
      "fieldType": "Instant"
    },
    {
      "fieldName": "lastUpdatedBy",
      "fieldType": "String"
    },
    {
      "fieldName": "lastUpdateDate",
      "fieldType": "Instant"
    }
  ],
  "relationships": [
    {
      "relationshipType": "many-to-one",
      "otherEntityName": "cashDrawerSession",
      "otherEntityRelationshipName": "cashDrawerPaymentTxn",
      "relationshipName": "cashDrawerSession",
      "otherEntityField": "id"
    }
  ],
  "changelogDate": "20200830023036",
  "entityTableName": "cash_drawer_payment_txn",
  "dto": "no",
  "pagination": "no",
  "service": "serviceClass",
  "jpaMetamodelFiltering": true,
  "fluentMethods": true,
  "readOnly": false,
  "embedded": false,
  "clientRootFolder": "",
  "applications": ["cdr"]
}
