{
  "name": "CashDrawer",
  "fields": [
    {
      "fieldName": "code",
      "fieldType": "String",
      "fieldValidateRules": ["required"]
    },
    {
      "fieldName": "company",
      "fieldType": "String",
      "fieldValidateRules": ["required"]
    },
    {
      "fieldName": "branch",
      "fieldType": "String",
      "fieldValidateRules": ["required"]
    },
    {
      "fieldName": "status",
      "fieldType": "DrawerStatus",
      "fieldValues": "NEW,OPEN,CLOSED,ERROR"
    },
    {
      "fieldName": "cashierUsrCode",
      "fieldType": "String",
      "fieldValidateRules": ["required"]
    },
    {
      "fieldName": "cashBalance",
      "fieldType": "BigDecimal",
      "fieldValidateRules": ["required"]
    },
    {
      "fieldName": "checkBalance",
      "fieldType": "BigDecimal",
      "fieldValidateRules": ["required"]
    },
    {
      "fieldName": "posBalance",
      "fieldType": "BigDecimal",
      "fieldValidateRules": ["required"]
    },
    {
      "fieldName": "cashLimit",
      "fieldType": "BigDecimal",
      "fieldValidateRules": ["required"]
    },
    {
      "fieldName": "changeLimit",
      "fieldType": "BigDecimal",
      "fieldValidateRules": ["required"]
    },
    {
      "fieldName": "mainIndicator",
      "fieldType": "Boolean",
      "fieldValidateRules": ["required"]
    },
    {
      "fieldName": "createdBy",
      "fieldType": "String"
    },
    {
      "fieldName": "creationDate",
      "fieldType": "Instant"
    },
    {
      "fieldName": "lastUpdatedBy",
      "fieldType": "String"
    },
    {
      "fieldName": "lastUpdateDate",
      "fieldType": "Instant"
    }
  ],
  "relationships": [
    {
      "relationshipType": "one-to-many",
      "otherEntityName": "cashDrawerTxn",
      "otherEntityRelationshipName": "cashDrawer",
      "relationshipName": "cashDrawerTxn"
    },
    {
      "relationshipType": "one-to-many",
      "otherEntityName": "cashDrawerSession",
      "otherEntityRelationshipName": "cashDrawer",
      "relationshipName": "cashDrawerSession"
    }
  ],
  "changelogDate": "20200830022736",
  "entityTableName": "cash_drawer",
  "dto": "no",
  "pagination": "no",
  "service": "serviceClass",
  "jpaMetamodelFiltering": true,
  "fluentMethods": true,
  "readOnly": false,
  "embedded": false,
  "clientRootFolder": "",
  "applications": ["cdr"]
}
