{
  "name": "CashDrawerTxnResult",
  "fields": [
    {
      "fieldName": "systemCashBalance",
      "fieldType": "BigDecimal",
      "fieldValidateRules": ["required"]
    },
    {
      "fieldName": "systemCheckBalance",
      "fieldType": "BigDecimal",
      "fieldValidateRules": ["required"]
    },
    {
      "fieldName": "systemPosBalance",
      "fieldType": "BigDecimal",
      "fieldValidateRules": ["required"]
    },
    {
      "fieldName": "enteredCashBalance",
      "fieldType": "BigDecimal",
      "fieldValidateRules": ["required"]
    },
    {
      "fieldName": "enteredCheckBalance",
      "fieldType": "BigDecimal",
      "fieldValidateRules": ["required"]
    },
    {
      "fieldName": "enteredPosBalance",
      "fieldType": "BigDecimal",
      "fieldValidateRules": ["required"]
    },
    {
      "fieldName": "createdBy",
      "fieldType": "String"
    },
    {
      "fieldName": "creationDate",
      "fieldType": "Instant"
    },
    {
      "fieldName": "lastUpdatedBy",
      "fieldType": "String"
    },
    {
      "fieldName": "lastUpdateDate",
      "fieldType": "Instant"
    }
  ],
  "relationships": [
    {
      "relationshipType": "many-to-one",
      "otherEntityName": "cashDrawerTxn",
      "otherEntityRelationshipName": "cashDrawerTxnResult",
      "relationshipName": "cashDrawerTxn",
      "otherEntityField": "id"
    }
  ],
  "changelogDate": "20200830022936",
  "entityTableName": "cash_drawer_txn_result",
  "dto": "no",
  "pagination": "no",
  "service": "serviceClass",
  "jpaMetamodelFiltering": true,
  "fluentMethods": true,
  "readOnly": false,
  "embedded": false,
  "clientRootFolder": "",
  "applications": ["cdr"]
}
