{
  "name": "CashDrawerTxn",
  "fields": [
    {
      "fieldName": "txnDate",
      "fieldType": "Instant",
      "fieldValidateRules": ["required"]
    },
    {
      "fieldName": "txnCode",
      "fieldType": "TxnCode",
      "fieldValues": "OPEN,CLOSE,TRANSFER_IN,TRANSFER_OUT"
    },
    {
      "fieldName": "txnStatus",
      "fieldType": "TxnStatus",
      "fieldValues": "OPEN,POSTED,ERROR"
    },
    {
      "fieldName": "txnAuthorisedUserCode",
      "fieldType": "String"
    },
    {
      "fieldName": "txnAuthorisedDate",
      "fieldType": "Instant"
    },
    {
      "fieldName": "txnAuthorisedReason",
      "fieldType": "Instant"
    },
    {
      "fieldName": "totalCoinAmt",
      "fieldType": "BigDecimal",
      "fieldValidateRules": ["required"]
    },
    {
      "fieldName": "totalNoteAmt",
      "fieldType": "BigDecimal",
      "fieldValidateRules": ["required"]
    },
    {
      "fieldName": "totalCheckAmt",
      "fieldType": "BigDecimal",
      "fieldValidateRules": ["required"]
    },
    {
      "fieldName": "totalPosAmt",
      "fieldType": "BigDecimal",
      "fieldValidateRules": ["required"]
    },
    {
      "fieldName": "coinCent1Roll",
      "fieldType": "BigDecimal",
      "fieldValidateRules": ["required"]
    },
    {
      "fieldName": "coinCent1Lose",
      "fieldType": "BigDecimal",
      "fieldValidateRules": ["required"]
    },
    {
      "fieldName": "coinCent5Roll",
      "fieldType": "BigDecimal",
      "fieldValidateRules": ["required"]
    },
    {
      "fieldName": "coinCent5Loose",
      "fieldType": "BigDecimal",
      "fieldValidateRules": ["required"]
    },
    {
      "fieldName": "coinCent10Roll",
      "fieldType": "BigDecimal",
      "fieldValidateRules": ["required"]
    },
    {
      "fieldName": "coinCent10Loose",
      "fieldType": "BigDecimal",
      "fieldValidateRules": ["required"]
    },
    {
      "fieldName": "coinCent25Roll",
      "fieldType": "BigDecimal",
      "fieldValidateRules": ["required"]
    },
    {
      "fieldName": "coinCent25Loose",
      "fieldType": "BigDecimal",
      "fieldValidateRules": ["required"]
    },
    {
      "fieldName": "coinCent50Roll",
      "fieldType": "BigDecimal",
      "fieldValidateRules": ["required"]
    },
    {
      "fieldName": "coinCent50Loose",
      "fieldType": "BigDecimal",
      "fieldValidateRules": ["required"]
    },
    {
      "fieldName": "coinDollar1Roll",
      "fieldType": "BigDecimal",
      "fieldValidateRules": ["required"]
    },
    {
      "fieldName": "coinDollar1Loose",
      "fieldType": "BigDecimal",
      "fieldValidateRules": ["required"]
    },
    {
      "fieldName": "noteDollar1Bundle",
      "fieldType": "BigDecimal",
      "fieldValidateRules": ["required"]
    },
    {
      "fieldName": "noteDollar1Loose",
      "fieldType": "BigDecimal",
      "fieldValidateRules": ["required"]
    },
    {
      "fieldName": "noteDollar2Bundle",
      "fieldType": "BigDecimal",
      "fieldValidateRules": ["required"]
    },
    {
      "fieldName": "noteDollar2Loose",
      "fieldType": "BigDecimal",
      "fieldValidateRules": ["required"]
    },
    {
      "fieldName": "noteDollar5Bundle",
      "fieldType": "BigDecimal",
      "fieldValidateRules": ["required"]
    },
    {
      "fieldName": "noteDollar5Loose",
      "fieldType": "BigDecimal",
      "fieldValidateRules": ["required"]
    },
    {
      "fieldName": "noteDollar10Bundle",
      "fieldType": "BigDecimal",
      "fieldValidateRules": ["required"]
    },
    {
      "fieldName": "noteDollar10Loose",
      "fieldType": "BigDecimal",
      "fieldValidateRules": ["required"]
    },
    {
      "fieldName": "noteDollar20Bundle",
      "fieldType": "BigDecimal",
      "fieldValidateRules": ["required"]
    },
    {
      "fieldName": "noteDollar20Loose",
      "fieldType": "BigDecimal",
      "fieldValidateRules": ["required"]
    },
    {
      "fieldName": "noteDollar50Bundle",
      "fieldType": "BigDecimal",
      "fieldValidateRules": ["required"]
    },
    {
      "fieldName": "noteDollar50Loose",
      "fieldType": "BigDecimal",
      "fieldValidateRules": ["required"]
    },
    {
      "fieldName": "noteDollar100Bundle",
      "fieldType": "BigDecimal",
      "fieldValidateRules": ["required"]
    },
    {
      "fieldName": "noteDollar100Loose",
      "fieldType": "BigDecimal",
      "fieldValidateRules": ["required"]
    },
    {
      "fieldName": "createdBy",
      "fieldType": "String"
    },
    {
      "fieldName": "creationDate",
      "fieldType": "Instant"
    },
    {
      "fieldName": "lastUpdatedBy",
      "fieldType": "String"
    },
    {
      "fieldName": "lastUpdateDate",
      "fieldType": "Instant"
    }
  ],
  "relationships": [
    {
      "relationshipType": "one-to-many",
      "otherEntityName": "cashDrawerTxnResult",
      "otherEntityRelationshipName": "cashDrawerTxn",
      "relationshipName": "cashDrawerTxnResult"
    },
    {
      "relationshipType": "many-to-one",
      "otherEntityName": "cashDrawer",
      "otherEntityRelationshipName": "cashDrawerTxn",
      "relationshipName": "cashDrawer",
      "otherEntityField": "id"
    }
  ],
  "changelogDate": "20200830022836",
  "entityTableName": "cash_drawer_txn",
  "dto": "no",
  "pagination": "no",
  "service": "serviceClass",
  "jpaMetamodelFiltering": true,
  "fluentMethods": true,
  "readOnly": false,
  "embedded": false,
  "clientRootFolder": "",
  "applications": ["cdr"]
}
