id;code;company;branch;status;cashier_usr_code;cash_balance;check_balance;pos_balance;cash_limit;change_limit;main_indicator;created_by;creation_date;last_updated_by;last_update_date
1;Liaison tan Directives;olive virtual Frozen;AGP action-items;NEW;tan Savings Account override;44688;33119;18161;43853;61288;true;deposit Pants Gorgeous Soft Gloves;2020-08-29T14:12:00;USB;2020-08-29T09:08:14
2;generate synthesize;Gorgeous Frozen Towels;Namibia;ERROR;Practical bypass Surinam Dollar;50006;63627;31750;28155;34099;true;Tennessee Chair Savings Account;2020-08-29T16:20:59;Managed Lead;2020-08-29T05:52:20
3;Credit Card Account web-readiness;Clothing Qatari Rial;parse;OPEN;impactful SDD;58642;58767;3325;5569;95820;false;AI whiteboard copying;2020-08-29T19:19:33;Executive 1080p;2020-08-29T23:56:50
4;Branding incremental Officer;black;Auto Loan Account;OPEN;Checking Account Metal Handmade;74552;84066;47407;73482;39069;true;Tools XSS Jewelery;2020-08-29T14:47:54;Berkshire sky blue;2020-08-29T06:46:15
5;Borders magenta;invoice;copying Personal Loan Account Green;ERROR;Unbranded Factors redundant;24155;23746;72825;68568;38484;true;North Carolina Solomon Islands Granite;2020-08-29T12:30:57;Books Unbranded;2020-08-29T22:23:06
6;Triple-buffered;calculate Direct system;Extended synthesize Sleek;CLOSED;Ameliorated Gorgeous;13061;11978;2679;35721;73139;true;Chips Creative Street;2020-08-29T16:52:47;Clothing;2020-08-29T23:42:10
7;SCSI Kids foreground;Fresh Handcrafted;Arkansas;CLOSED;Plastic;66257;66901;15407;70255;4819;false;vortals PCI;2020-08-29T02:53:45;Congo Technician;2020-08-29T19:31:14
8;Freeway Checking Account;Licensed Soft Shirt Concrete Home Loan Account;Tactics;ERROR;Outdoors Nepalese Rupee;41757;31369;59362;12424;55688;true;Washington yellow;2020-08-29T19:16:34;tan bypass;2020-08-29T05:38:16
9;synthesizing mobile;backing up Unbranded Fresh Table;Tasty Sleek;OPEN;Practical;19573;12925;71450;42967;46447;false;Senior Louisiana;2020-08-29T10:52:20;Branding;2020-08-30T00:33:25
10;withdrawal product navigate;real-time value-added SMS;Optimized Kina Michigan;OPEN;port;12374;85191;89518;31572;4070;true;24/7 Borders;2020-08-29T15:19:28;gold;2020-08-29T08:59:28
