id;current_indicator;cashier_usr_code;cash_open;cash_current;cash_close;check_open;check_current;check_close;pos_open;pos_current;pos_close;session_start_time;session_end_time;created_by;creation_date;last_updated_by;last_update_date
1;true;Innovative Iowa monitor;38392;96220;80525;9600;86120;565;41787;44513;19947;2020-08-29T10:58:31;2020-08-29T18:47:57;Creative connect;2020-08-29T10:31:08;Massachusetts;2020-08-29T03:29:21
2;false;client-driven black redundant;94698;87647;73795;5796;9047;60744;88489;33121;79508;2020-08-29T08:03:34;2020-08-29T18:37:18;digital;2020-08-29T17:16:57;Central;2020-08-29T22:35:00
3;true;Technician Awesome;79142;4334;92032;63974;34473;82388;84929;5558;43361;2020-08-29T19:28:00;2020-08-30T00:01:34;Swaziland;2020-08-29T05:19:28;Incredible Concrete Chair PNG wireless;2020-08-30T00:30:23
4;true;Executive Pike SAS;5559;80508;42171;86650;84251;13965;57426;16869;42230;2020-08-29T03:40:04;2020-08-29T17:55:59;Home Jersey Cheese;2020-08-29T19:33:22;payment THX;2020-08-29T03:00:21
5;false;Anguilla enterprise Personal Loan Account;90240;89784;41048;65205;19071;89142;15101;38432;5628;2020-08-29T14:45:27;2020-08-30T00:38:45;microchip granular Tasty;2020-08-29T05:58:03;infomediaries Multi-lateral Web;2020-08-29T03:51:26
6;true;Industrial Oklahoma;47144;14325;32778;59452;27873;68232;69957;21149;75530;2020-08-30T00:34:14;2020-08-29T08:44:29;yellow Unbranded;2020-08-29T21:31:19;Bermudian Dollar (customarily known as Bermuda Dollar);2020-08-30T00:45:24
7;true;United States Minor Outlying Islands;30120;19966;86867;41701;4289;71123;41088;49370;8726;2020-08-29T06:43:35;2020-08-29T23:39:59;Vermont;2020-08-29T21:02:40;methodologies functionalities Communications;2020-08-29T15:43:59
8;false;e-services Hill;82745;93302;73823;6165;14332;29555;7951;48513;27034;2020-08-29T23:04:22;2020-08-29T21:49:11;Generic Plastic Bike;2020-08-29T22:59:45;Skyway markets;2020-08-29T16:46:02
9;false;quantifying Arizona user-centric;99342;93600;50051;22520;90588;83188;66337;36267;21486;2020-08-29T08:48:58;2020-08-29T05:23:41;Movies withdrawal;2020-08-29T07:16:10;Tools synergies;2020-08-29T09:17:00
10;true;Credit Card Account Integration Unions;18081;66286;92276;84778;69595;68751;29994;21111;51777;2020-08-29T20:09:13;2020-08-29T11:05:31;composite;2020-08-30T02:20:47;Garden turquoise India;2020-08-29T10:53:08
