id;system_cash_balance;system_check_balance;system_pos_balance;entered_cash_balance;entered_check_balance;entered_pos_balance;created_by;creation_date;last_updated_by;last_update_date
1;10105;53920;68603;46103;56914;4756;primary;2020-08-29T03:51:20;Forges;2020-08-30T00:30:10
2;29687;14276;82249;9959;38483;4511;Incredible Cotton Fish interface;2020-08-30T00:01:56;programming benchmark;2020-08-29T18:25:12
3;62205;41746;33272;2624;45794;89675;North Dakota Tasty SMTP;2020-08-30T02:13:58;system repurpose;2020-08-29T18:01:39
4;41574;99679;8963;65720;18103;11685;Buckinghamshire;2020-08-29T18:30:34;envisioneer Hollow;2020-08-29T07:46:25
5;46926;48092;89380;34594;88838;38798;Concrete Personal Loan Account transmitting;2020-08-29T16:44:33;whiteboard Clothing;2020-08-29T07:46:04
6;96569;6259;66622;33332;10082;84494;payment Soft capacitor;2020-08-30T02:10:22;Metal;2020-08-29T07:12:15
7;91205;1032;30883;83152;88796;42407;Lead;2020-08-29T11:30:49;collaborative European Monetary Unit (E.M.U.-6);2020-08-29T22:19:46
8;79516;90382;62614;16439;47063;23381;Analyst;2020-08-29T12:31:39;Mauritius Rupee;2020-08-29T02:58:45
9;11271;53136;37498;62534;61917;77432;Credit Card Account Identity Movies;2020-08-29T20:29:06;B2B AGP innovate;2020-08-29T13:45:11
10;91177;16179;8192;46268;40923;41531;parsing;2020-08-29T20:46:36;collaborative;2020-08-29T09:39:29
