id;txn_date;customer_first_name;customer_last_name;customer_nbr;customer_phone;cstomer_account_number;due_amt;cash_amt;check_amt;pos_amt;change_amt;check_number;pos_reference;created_by;creation_date;last_updated_by;last_update_date
1;2020-08-29T21:49:41;Applications Ergonomic Soft Chicken;leverage;Berkshire Object-based National;75170;Keyboard strategy;21233;7207;70754;67132;3821;bluetooth;Licensed Generic;Mount;2020-08-30T01:34:54;Zambian Kwacha networks;2020-08-29T21:05:35
2;2020-08-29T11:19:17;Rubber Gorgeous Granite Sausages;pink migration;generate;58323;Facilitator;56960;55856;14602;21308;11720;system El Salvador Colon US Dollar;web-readiness Direct Designer;Rustic supply-chains syndicate;2020-08-29T13:44:35;generate Montana;2020-08-29T23:53:16
3;2020-08-29T11:47:12;e-enable;Data back up;Assistant;25252;Small Unbranded Cotton Pizza;49764;75469;20385;97936;97521;Baht leverage efficient;Sausages hacking transmitting;Handcrafted Wooden Tuna;2020-08-29T17:10:50;Tonga;2020-08-29T12:51:01
4;2020-08-29T17:32:09;deposit redundant;auxiliary Awesome cross-platform;transition Auto Loan Account;58510;SSL;11627;66394;15452;27140;9365;Malaysian Ringgit systems Refined Fresh Ball;Adaptive;Automotive;2020-08-29T04:52:38;system Optimization Incredible Granite Chicken;2020-08-29T13:44:08
5;2020-08-29T15:29:46;bus;Tactics;bandwidth Sleek;41847;Branding Specialist holistic;71703;88893;43584;16974;80727;bus deposit action-items;programming Right-sized Checking Account;Buckinghamshire;2020-08-29T03:07:47;enhance Pitcairn Islands reciprocal;2020-08-29T08:18:10
6;2020-08-29T07:37:01;extend;portals Ball cyan;streamline AI Zambia;93339;circuit;2753;25763;9578;21037;96524;online Road;multi-state Graphical User Interface;Home Loan Account India;2020-08-29T21:11:59;cyan Afghani;2020-08-29T14:42:04
7;2020-08-29T08:33:02;Usability generating withdrawal;turn-key schemas Central;functionalities Developer Tasty Concrete Ball;52569;content;63555;42497;19223;57785;47147;white Shoes;Borders;orchid;2020-08-30T01:24:19;incubate Steel;2020-08-29T09:23:29
8;2020-08-30T01:17:01;syndicate Assistant;Plain;Russian Federation;48446;circuit Applications;92862;26850;2339;50904;6360;circuit;Connecticut Cedi Illinois;Bedfordshire lime;2020-08-30T01:20:24;Unbranded Frozen Fish;2020-08-29T21:56:04
9;2020-08-29T19:44:50;Borders Brunei Dollar;New Hampshire e-markets;Savings Account;22243;Trace;4589;29585;90448;34969;77141;Ameliorated Monitored;Games Puerto Rico;Clothing harness hybrid;2020-08-29T11:16:10;Right-sized Towels;2020-08-29T19:47:53
10;2020-08-29T21:32:25;synergy systems;Practical Wooden Chips unleash;Investment Account;61293;Phased transform upward-trending;97999;92656;12363;15051;52705;Multi-lateral card;Wooden visionary;Credit Card Account archive;2020-08-29T16:28:47;Buckinghamshire generating Money Market Account;2020-08-29T10:28:15
