<?xml version="1.0" encoding="utf-8"?>
<databaseChangeLog
    xmlns="http://www.liquibase.org/xml/ns/dbchangelog"
    xmlns:ext="http://www.liquibase.org/xml/ns/dbchangelog-ext"
    xmlns:xsi="http://www.w3.org/2001/XMLSchema-instance"
    xsi:schemaLocation="http://www.liquibase.org/xml/ns/dbchangelog http://www.liquibase.org/xml/ns/dbchangelog/dbchangelog-3.9.xsd
                        http://www.liquibase.org/xml/ns/dbchangelog-ext http://www.liquibase.org/xml/ns/dbchangelog/dbchangelog-ext.xsd">

        <property name="autoIncrement" value="true"/>

    <!--
        Added the entity CashDrawerTxn.
    -->
    <changeSet id="20200830022836-1" author="jhipster">
        <createTable tableName="cash_drawer_txn">
            <column name="id" type="bigint" autoIncrement="${autoIncrement}">
                <constraints primaryKey="true" nullable="false"/>
            </column>
            <column name="txn_date" type="datetime">
                <constraints nullable="false" />
            </column>
            <column name="txn_code" type="varchar(255)">
                <constraints nullable="true" />
            </column>
            <column name="txn_status" type="varchar(255)">
                <constraints nullable="true" />
            </column>
            <column name="txn_authorised_user_code" type="varchar(255)">
                <constraints nullable="true" />
            </column>
            <column name="txn_authorised_date" type="datetime">
                <constraints nullable="true" />
            </column>
            <column name="txn_authorised_reason" type="datetime">
                <constraints nullable="true" />
            </column>
            <column name="total_coin_amt" type="decimal(21,2)">
                <constraints nullable="false" />
            </column>
            <column name="total_note_amt" type="decimal(21,2)">
                <constraints nullable="false" />
            </column>
            <column name="total_check_amt" type="decimal(21,2)">
                <constraints nullable="false" />
            </column>
            <column name="total_pos_amt" type="decimal(21,2)">
                <constraints nullable="false" />
            </column>
            <column name="coin_cent_1_roll" type="decimal(21,2)">
                <constraints nullable="false" />
            </column>
            <column name="coin_cent_1_lose" type="decimal(21,2)">
                <constraints nullable="false" />
            </column>
            <column name="coin_cent_5_roll" type="decimal(21,2)">
                <constraints nullable="false" />
            </column>
            <column name="coin_cent_5_loose" type="decimal(21,2)">
                <constraints nullable="false" />
            </column>
            <column name="coin_cent_10_roll" type="decimal(21,2)">
                <constraints nullable="false" />
            </column>
            <column name="coin_cent_10_loose" type="decimal(21,2)">
                <constraints nullable="false" />
            </column>
            <column name="coin_cent_25_roll" type="decimal(21,2)">
                <constraints nullable="false" />
            </column>
            <column name="coin_cent_25_loose" type="decimal(21,2)">
                <constraints nullable="false" />
            </column>
            <column name="coin_cent_50_roll" type="decimal(21,2)">
                <constraints nullable="false" />
            </column>
            <column name="coin_cent_50_loose" type="decimal(21,2)">
                <constraints nullable="false" />
            </column>
            <column name="coin_dollar_1_roll" type="decimal(21,2)">
                <constraints nullable="false" />
            </column>
            <column name="coin_dollar_1_loose" type="decimal(21,2)">
                <constraints nullable="false" />
            </column>
            <column name="note_dollar_1_bundle" type="decimal(21,2)">
                <constraints nullable="false" />
            </column>
            <column name="note_dollar_1_loose" type="decimal(21,2)">
                <constraints nullable="false" />
            </column>
            <column name="note_dollar_2_bundle" type="decimal(21,2)">
                <constraints nullable="false" />
            </column>
            <column name="note_dollar_2_loose" type="decimal(21,2)">
                <constraints nullable="false" />
            </column>
            <column name="note_dollar_5_bundle" type="decimal(21,2)">
                <constraints nullable="false" />
            </column>
            <column name="note_dollar_5_loose" type="decimal(21,2)">
                <constraints nullable="false" />
            </column>
            <column name="note_dollar_10_bundle" type="decimal(21,2)">
                <constraints nullable="false" />
            </column>
            <column name="note_dollar_10_loose" type="decimal(21,2)">
                <constraints nullable="false" />
            </column>
            <column name="note_dollar_20_bundle" type="decimal(21,2)">
                <constraints nullable="false" />
            </column>
            <column name="note_dollar_20_loose" type="decimal(21,2)">
                <constraints nullable="false" />
            </column>
            <column name="note_dollar_50_bundle" type="decimal(21,2)">
                <constraints nullable="false" />
            </column>
            <column name="note_dollar_50_loose" type="decimal(21,2)">
                <constraints nullable="false" />
            </column>
            <column name="note_dollar_100_bundle" type="decimal(21,2)">
                <constraints nullable="false" />
            </column>
            <column name="note_dollar_100_loose" type="decimal(21,2)">
                <constraints nullable="false" />
            </column>
            <column name="created_by" type="varchar(255)">
                <constraints nullable="true" />
            </column>
            <column name="creation_date" type="datetime">
                <constraints nullable="true" />
            </column>
            <column name="last_updated_by" type="varchar(255)">
                <constraints nullable="true" />
            </column>
            <column name="last_update_date" type="datetime">
                <constraints nullable="true" />
            </column>
            <column name="cash_drawer_id" type="bigint">
                <constraints nullable="true" />
            </column>
            <!-- jhipster-needle-liquibase-add-column - JHipster will add columns here -->
        </createTable>
        <dropDefaultValue tableName="cash_drawer_txn" columnName="txn_date" columnDataType="datetime"/>
        <dropDefaultValue tableName="cash_drawer_txn" columnName="txn_authorised_date" columnDataType="datetime"/>
        <dropDefaultValue tableName="cash_drawer_txn" columnName="txn_authorised_reason" columnDataType="datetime"/>
        <dropDefaultValue tableName="cash_drawer_txn" columnName="creation_date" columnDataType="datetime"/>
        <dropDefaultValue tableName="cash_drawer_txn" columnName="last_update_date" columnDataType="datetime"/>
    </changeSet>

    <changeSet id="20200830022836-1-relations" author="jhipster">

    </changeSet>
    <!-- jhipster-needle-liquibase-add-changeset - JHipster will add changesets here -->

    <!--
        Load sample data generated with Faker.js
        - This data can be easily edited using a CSV editor (or even MS Excel) and
          is located in the 'src/main/resources/config/liquibase/fake-data' directory
        - By default this data is applied when running with the JHipster 'dev' profile.
          This can be customized by adding or removing 'faker' in the 'spring.liquibase.contexts'
          Spring Boot configuration key.
    -->
    <changeSet id="20200830022836-1-data" author="jhipster" context="faker">
        <loadData
                  file="config/liquibase/fake-data/cash_drawer_txn.csv"
                  separator=";"
                  tableName="cash_drawer_txn">
            <column name="id" type="numeric"/>
            <column name="txn_date" type="datetime"/>
            <column name="txn_code" type="string"/>
            <column name="txn_status" type="string"/>
            <column name="txn_authorised_user_code" type="string"/>
            <column name="txn_authorised_date" type="datetime"/>
            <column name="txn_authorised_reason" type="datetime"/>
            <column name="total_coin_amt" type="numeric"/>
            <column name="total_note_amt" type="numeric"/>
            <column name="total_check_amt" type="numeric"/>
            <column name="total_pos_amt" type="numeric"/>
            <column name="coin_cent_1_roll" type="numeric"/>
            <column name="coin_cent_1_lose" type="numeric"/>
            <column name="coin_cent_5_roll" type="numeric"/>
            <column name="coin_cent_5_loose" type="numeric"/>
            <column name="coin_cent_10_roll" type="numeric"/>
            <column name="coin_cent_10_loose" type="numeric"/>
            <column name="coin_cent_25_roll" type="numeric"/>
            <column name="coin_cent_25_loose" type="numeric"/>
            <column name="coin_cent_50_roll" type="numeric"/>
            <column name="coin_cent_50_loose" type="numeric"/>
            <column name="coin_dollar_1_roll" type="numeric"/>
            <column name="coin_dollar_1_loose" type="numeric"/>
            <column name="note_dollar_1_bundle" type="numeric"/>
            <column name="note_dollar_1_loose" type="numeric"/>
            <column name="note_dollar_2_bundle" type="numeric"/>
            <column name="note_dollar_2_loose" type="numeric"/>
            <column name="note_dollar_5_bundle" type="numeric"/>
            <column name="note_dollar_5_loose" type="numeric"/>
            <column name="note_dollar_10_bundle" type="numeric"/>
            <column name="note_dollar_10_loose" type="numeric"/>
            <column name="note_dollar_20_bundle" type="numeric"/>
            <column name="note_dollar_20_loose" type="numeric"/>
            <column name="note_dollar_50_bundle" type="numeric"/>
            <column name="note_dollar_50_loose" type="numeric"/>
            <column name="note_dollar_100_bundle" type="numeric"/>
            <column name="note_dollar_100_loose" type="numeric"/>
            <column name="created_by" type="string"/>
            <column name="creation_date" type="datetime"/>
            <column name="last_updated_by" type="string"/>
            <column name="last_update_date" type="datetime"/>
            <!-- jhipster-needle-liquibase-add-loadcolumn - JHipster (and/or extensions) can add load columns here -->
        </loadData>
    </changeSet>

</databaseChangeLog>
