<?xml version="1.0" encoding="utf-8"?>
<databaseChangeLog
    xmlns="http://www.liquibase.org/xml/ns/dbchangelog"
    xmlns:ext="http://www.liquibase.org/xml/ns/dbchangelog-ext"
    xmlns:xsi="http://www.w3.org/2001/XMLSchema-instance"
    xsi:schemaLocation="http://www.liquibase.org/xml/ns/dbchangelog http://www.liquibase.org/xml/ns/dbchangelog/dbchangelog-3.9.xsd
                        http://www.liquibase.org/xml/ns/dbchangelog-ext http://www.liquibase.org/xml/ns/dbchangelog/dbchangelog-ext.xsd">

        <property name="autoIncrement" value="true"/>

    <!--
        Added the entity CashDrawerSession.
    -->
    <changeSet id="20200830023136-1" author="jhipster">
        <createTable tableName="cash_drawer_session">
            <column name="id" type="bigint" autoIncrement="${autoIncrement}">
                <constraints primaryKey="true" nullable="false"/>
            </column>
            <column name="current_indicator" type="boolean">
                <constraints nullable="false" />
            </column>
            <column name="cashier_usr_code" type="varchar(255)">
                <constraints nullable="false" />
            </column>
            <column name="cash_open" type="decimal(21,2)">
                <constraints nullable="false" />
            </column>
            <column name="cash_current" type="decimal(21,2)">
                <constraints nullable="false" />
            </column>
            <column name="cash_close" type="decimal(21,2)">
                <constraints nullable="false" />
            </column>
            <column name="check_open" type="decimal(21,2)">
                <constraints nullable="false" />
            </column>
            <column name="check_current" type="decimal(21,2)">
                <constraints nullable="false" />
            </column>
            <column name="check_close" type="decimal(21,2)">
                <constraints nullable="false" />
            </column>
            <column name="pos_open" type="decimal(21,2)">
                <constraints nullable="false" />
            </column>
            <column name="pos_current" type="decimal(21,2)">
                <constraints nullable="false" />
            </column>
            <column name="pos_close" type="decimal(21,2)">
                <constraints nullable="false" />
            </column>
            <column name="session_start_time" type="datetime">
                <constraints nullable="false" />
            </column>
            <column name="session_end_time" type="datetime">
                <constraints nullable="false" />
            </column>
            <column name="created_by" type="varchar(255)">
                <constraints nullable="true" />
            </column>
            <column name="creation_date" type="datetime">
                <constraints nullable="true" />
            </column>
            <column name="last_updated_by" type="varchar(255)">
                <constraints nullable="true" />
            </column>
            <column name="last_update_date" type="datetime">
                <constraints nullable="true" />
            </column>
            <column name="cash_drawer_id" type="bigint">
                <constraints nullable="true" />
            </column>
            <!-- jhipster-needle-liquibase-add-column - JHipster will add columns here -->
        </createTable>
        <dropDefaultValue tableName="cash_drawer_session" columnName="session_start_time" columnDataType="datetime"/>
        <dropDefaultValue tableName="cash_drawer_session" columnName="session_end_time" columnDataType="datetime"/>
        <dropDefaultValue tableName="cash_drawer_session" columnName="creation_date" columnDataType="datetime"/>
        <dropDefaultValue tableName="cash_drawer_session" columnName="last_update_date" columnDataType="datetime"/>
    </changeSet>

    <changeSet id="20200830023136-1-relations" author="jhipster">

    </changeSet>
    <!-- jhipster-needle-liquibase-add-changeset - JHipster will add changesets here -->

    <!--
        Load sample data generated with Faker.js
        - This data can be easily edited using a CSV editor (or even MS Excel) and
          is located in the 'src/main/resources/config/liquibase/fake-data' directory
        - By default this data is applied when running with the JHipster 'dev' profile.
          This can be customized by adding or removing 'faker' in the 'spring.liquibase.contexts'
          Spring Boot configuration key.
    -->
    <changeSet id="20200830023136-1-data" author="jhipster" context="faker">
        <loadData
                  file="config/liquibase/fake-data/cash_drawer_session.csv"
                  separator=";"
                  tableName="cash_drawer_session">
            <column name="id" type="numeric"/>
            <column name="current_indicator" type="boolean"/>
            <column name="cashier_usr_code" type="string"/>
            <column name="cash_open" type="numeric"/>
            <column name="cash_current" type="numeric"/>
            <column name="cash_close" type="numeric"/>
            <column name="check_open" type="numeric"/>
            <column name="check_current" type="numeric"/>
            <column name="check_close" type="numeric"/>
            <column name="pos_open" type="numeric"/>
            <column name="pos_current" type="numeric"/>
            <column name="pos_close" type="numeric"/>
            <column name="session_start_time" type="datetime"/>
            <column name="session_end_time" type="datetime"/>
            <column name="created_by" type="string"/>
            <column name="creation_date" type="datetime"/>
            <column name="last_updated_by" type="string"/>
            <column name="last_update_date" type="datetime"/>
            <!-- jhipster-needle-liquibase-add-loadcolumn - JHipster (and/or extensions) can add load columns here -->
        </loadData>
    </changeSet>

</databaseChangeLog>
