<?xml version="1.0" encoding="utf-8"?>
<databaseChangeLog
    xmlns="http://www.liquibase.org/xml/ns/dbchangelog"
    xmlns:ext="http://www.liquibase.org/xml/ns/dbchangelog-ext"
    xmlns:xsi="http://www.w3.org/2001/XMLSchema-instance"
    xsi:schemaLocation="http://www.liquibase.org/xml/ns/dbchangelog http://www.liquibase.org/xml/ns/dbchangelog/dbchangelog-3.9.xsd
                        http://www.liquibase.org/xml/ns/dbchangelog-ext http://www.liquibase.org/xml/ns/dbchangelog/dbchangelog-ext.xsd">

        <property name="autoIncrement" value="true"/>

    <!--
        Added the entity CashDrawerPaymentTxn.
    -->
    <changeSet id="20200830023036-1" author="jhipster">
        <createTable tableName="cash_drawer_payment_txn">
            <column name="id" type="bigint" autoIncrement="${autoIncrement}">
                <constraints primaryKey="true" nullable="false"/>
            </column>
            <column name="txn_date" type="datetime">
                <constraints nullable="false" />
            </column>
            <column name="customer_first_name" type="varchar(255)">
                <constraints nullable="false" />
            </column>
            <column name="customer_last_name" type="varchar(255)">
                <constraints nullable="false" />
            </column>
            <column name="customer_nbr" type="varchar(255)">
                <constraints nullable="true" />
            </column>
            <column name="customer_phone" type="bigint">
                <constraints nullable="false" />
            </column>
            <column name="cstomer_account_number" type="varchar(255)">
                <constraints nullable="false" />
            </column>
            <column name="due_amt" type="decimal(21,2)">
                <constraints nullable="false" />
            </column>
            <column name="cash_amt" type="decimal(21,2)">
                <constraints nullable="false" />
            </column>
            <column name="check_amt" type="decimal(21,2)">
                <constraints nullable="false" />
            </column>
            <column name="pos_amt" type="decimal(21,2)">
                <constraints nullable="false" />
            </column>
            <column name="change_amt" type="decimal(21,2)">
                <constraints nullable="false" />
            </column>
            <column name="check_number" type="varchar(255)">
                <constraints nullable="true" />
            </column>
            <column name="pos_reference" type="varchar(255)">
                <constraints nullable="true" />
            </column>
            <column name="created_by" type="varchar(255)">
                <constraints nullable="true" />
            </column>
            <column name="creation_date" type="datetime">
                <constraints nullable="true" />
            </column>
            <column name="last_updated_by" type="varchar(255)">
                <constraints nullable="true" />
            </column>
            <column name="last_update_date" type="datetime">
                <constraints nullable="true" />
            </column>
            <column name="cash_drawer_session_id" type="bigint">
                <constraints nullable="true" />
            </column>
            <!-- jhipster-needle-liquibase-add-column - JHipster will add columns here -->
        </createTable>
        <dropDefaultValue tableName="cash_drawer_payment_txn" columnName="txn_date" columnDataType="datetime"/>
        <dropDefaultValue tableName="cash_drawer_payment_txn" columnName="creation_date" columnDataType="datetime"/>
        <dropDefaultValue tableName="cash_drawer_payment_txn" columnName="last_update_date" columnDataType="datetime"/>
    </changeSet>

    <changeSet id="20200830023036-1-relations" author="jhipster">

    </changeSet>
    <!-- jhipster-needle-liquibase-add-changeset - JHipster will add changesets here -->

    <!--
        Load sample data generated with Faker.js
        - This data can be easily edited using a CSV editor (or even MS Excel) and
          is located in the 'src/main/resources/config/liquibase/fake-data' directory
        - By default this data is applied when running with the JHipster 'dev' profile.
          This can be customized by adding or removing 'faker' in the 'spring.liquibase.contexts'
          Spring Boot configuration key.
    -->
    <changeSet id="20200830023036-1-data" author="jhipster" context="faker">
        <loadData
                  file="config/liquibase/fake-data/cash_drawer_payment_txn.csv"
                  separator=";"
                  tableName="cash_drawer_payment_txn">
            <column name="id" type="numeric"/>
            <column name="txn_date" type="datetime"/>
            <column name="customer_first_name" type="string"/>
            <column name="customer_last_name" type="string"/>
            <column name="customer_nbr" type="string"/>
            <column name="customer_phone" type="numeric"/>
            <column name="cstomer_account_number" type="string"/>
            <column name="due_amt" type="numeric"/>
            <column name="cash_amt" type="numeric"/>
            <column name="check_amt" type="numeric"/>
            <column name="pos_amt" type="numeric"/>
            <column name="change_amt" type="numeric"/>
            <column name="check_number" type="string"/>
            <column name="pos_reference" type="string"/>
            <column name="created_by" type="string"/>
            <column name="creation_date" type="datetime"/>
            <column name="last_updated_by" type="string"/>
            <column name="last_update_date" type="datetime"/>
            <!-- jhipster-needle-liquibase-add-loadcolumn - JHipster (and/or extensions) can add load columns here -->
        </loadData>
    </changeSet>

</databaseChangeLog>
