{
  "generator-jhipster": {
    "authenticationType": "jwt",
    "cacheProvider": "ehcache",
    "clientFramework": "angularX",
    "serverPort": "8080",
    "serviceDiscoveryType": false,
    "skipUserManagement": false,
    "baseName": "cdr",
    "buildTool": "maven",
    "databaseType": "sql",
    "devDatabaseType": "h2Disk",
    "enableHibernateCache": true,
    "enableSwaggerCodegen": false,
    "enableTranslation": true,
    "jhiPrefix": "jhi",
    "languages": ["en", "zh-cn", "hi", "es"],
    "messageBroker": false,
    "nativeLanguage": "en",
    "prodDatabaseType": "mysql",
    "searchEngine": "elasticsearch",
    "skipClient": false,
    "testFrameworks": ["gatling", "cucumber", "protractor"],
    "websocket": false,
    "applicationType": "monolith",
    "packageName": "com.vinay.cdr",
    "packageFolder": "com/vinay/cdr",
    "clientTheme": "none",
    "blueprints": [],
    "jhipsterVersion": "6.10.1",
    "creationTimestamp": 1598754360016,
    "skipServer": false,
    "clientPackageManager": "npm",
    "useSass": true,
    "jwtSecretKey": "OGYwNzZiYjk1MGFlYWRhZGNiOGJlN2EwZWY1ZTQzNjJkZWYxZmFiOTkwNjhhZDMyNjZlNDRmZGM2OTUyOTUzYTZkMmMwZWNmZmIxNGU3NDU2ODBmNGRjYWQyZTZhZDMwZDNlOWY3YjUxZDA0ZjkxYzEzNzk2Y2E2NGFhZTkwOGE=",
    "embeddableLaunchScript": false,
    "entitySuffix": "",
    "dtoSuffix": "DTO",
    "otherModules": []
  },
  "entities": ["CashDrawer", "CashDrawerTxn", "CashDrawerTxnResult", "CashDrawerPaymentTxn", "CashDrawerSession"]
}
